Organization/Client,CG Unique ID,Website
Town of South Hadley,MA,757,https://www.southhadley.org/
Town of North Attleborough,MA,693,https://www.nattleboro.com/
City of Madeira Beach,FL,4032,https://madeirabeachfl.gov/
Town of Holliston,MA,618,https://www.townofholliston.us/
Village of Pinehurst,NC,296942,https://www.vopnc.org/
City of Peachtree Corners,GA,406592,https://www.peachtreecornersga.gov/
City of Sheboygan,WI,335052,http://www.sheboyganwi.gov/
Village of Rye Brook,NY,10332,http://www.ryebrook.org/
Town of Natick,MA,680,https://www.natickma.gov
